{
  "version": "7",
  "dialect": "mysql",
  "entries": [
    {
      "idx": 0,
      "version": "5",
      "when": 1770187845035,
      "tag": "0000_previous_thanos",
      "breakpoints": true
    },
    {
      "idx": 1,
      "version": "5",
      "when": 1770187978611,
      "tag": "0001_cloudy_dorian_gray",
      "breakpoints": true
    },
    {
      "idx": 2,
      "version": "5",
      "when": 1770190241145,
      "tag": "0002_dashing_sebastian_shaw",
      "breakpoints": true
    },
    {
      "idx": 3,
      "version": "5",
      "when": 1770191504687,
      "tag": "0003_famous_pepper_potts",
      "breakpoints": true
    },
    {
      "idx": 4,
      "version": "5",
      "when": 1770192107552,
      "tag": "0004_yellow_turbo",
      "breakpoints": true
    },
    {
      "idx": 5,
      "version": "5",
      "when": 1770253856762,
      "tag": "0005_jittery_morlun",
      "breakpoints": true
    },
    {
      "idx": 6,
      "version": "5",
      "when": 1770689376698,
      "tag": "0006_absent_sentinel",
      "breakpoints": true
    },
    {
      "idx": 7,
      "version": "5",
      "when": 1770716347258,
      "tag": "0007_mighty_lizard",
      "breakpoints": true
    }
  ]
}